,WalkingDuration,Start_Stop,End_Stop,Start_Geom,End_Geom,Line
0,6 mins,Canal St,Spring St,POINT (-74.00019299927328 40.71880300107709),POINT (-73.99714100006673 40.72230099999366),4-6-6 Express
1,6 mins,Spring St,Bleecker St,POINT (-73.99714100006673 40.72230099999366),POINT (-73.99465900006331 40.72591466682659),4-6-6 Express
2,7 mins,Bleecker St,Astor Pl,POINT (-73.99465900006331 40.72591466682659),POINT (-73.99106999861966 40.73005400028978),4-6-6 Express
3,15 mins,Astor Pl,23rd St,POINT (-73.99106999861966 40.73005400028978),POINT (-73.98659900207888 40.739864000474604),4-6-6 Express
4,5 mins,23rd St,28th St,POINT (-73.98659900207888 40.739864000474604),POINT (-73.98426400110407 40.743069999259035),4-6-6 Express
5,5 mins,28th St,33rd St,POINT (-73.98426400110407 40.743069999259035),POINT (-73.98207600148947 40.74608099909145),4-6-6 Express
6,8 mins,68th St - Hunter College,77th St,POINT (-73.96387000158042 40.76814100049679),POINT (-73.95987399886047 40.77362000074615),4-6-6 Express
7,8 mins,96th St,103rd St,POINT (-73.9510700015425 40.78567199998607),POINT (-73.94747800152219 40.79060000008452),4-6-6 Express
8,7 mins,103rd St,110th St,POINT (-73.94747800152219 40.79060000008452),POINT (-73.94424999687163 40.795020000113105),4-6-6 Express
9,6 mins,110th St,116th St,POINT (-73.94424999687163 40.795020000113105),POINT (-73.9416169983714 40.7986290002001),4-6-6 Express
10,5 mins,Franklin St,Canal St,POINT (-74.00688600277107 40.719318001302135),POINT (-74.0062770001748 40.72285399778783),1-2
11,8 mins,Canal St,Houston St,POINT (-74.0062770001748 40.72285399778783),POINT (-74.00536700180581 40.728251000730204),1-2
12,8 mins,Houston St,Christopher St - Sheridan Sq,POINT (-74.00536700180581 40.728251000730204),POINT (-74.00290599855235 40.73342200104225),1-2
13,12 mins,Christopher St - Sheridan Sq,18th St,POINT (-74.00290599855235 40.73342200104225),POINT (-73.99787100060406 40.741039999802105),1-2
14,5 mins,18th St,23rd St,POINT (-73.99787100060406 40.741039999802105),POINT (-73.9956570016487 40.74408099989751),1-2
15,5 mins,23rd St,28th St,POINT (-73.9956570016487 40.74408099989751),POINT (-73.99336500134324 40.74721499918219),1-2
16,11 mins,50th St,59th St - Columbus Circle,POINT (-73.98384899986625 40.76172799961419),POINT (-73.98192900232715 40.76824700063689),1-2
17,8 mins,59th St - Columbus Circle,66th St - Lincoln Ctr,POINT (-73.98192900232715 40.76824700063689),POINT (-73.98220899995783 40.77344000052039),1-2
18,8 mins,79th St,86th St,POINT (-73.97991700056134 40.78393399959032),POINT (-73.97621799859327 40.78864400073892),1-2
19,10 mins,Eastern Pkwy - Bklyn Museum,Grand Army Plaza,POINT (-73.96422203748425 40.67203223545925),POINT (-73.9709563319228 40.6752946951032),2-3-4
20,8 mins,Grand Army Plaza,Bergen St,POINT (-73.9709563319228 40.6752946951032),POINT (-73.97499915116808 40.68086213682956),2-3-4
21,8 mins,Saratoga Ave,Rockaway Ave,POINT (-73.91633025007947 40.6615297898075),POINT (-73.90895833584449 40.66261748815223),3-4
22,7 mins,Rockaway Ave,Junius St,POINT (-73.90895833584449 40.66261748815223),POINT (-73.90244864183562 40.66358900181724),3-4
23,9 mins,Junius St,Pennsylvania Ave,POINT (-73.90244864183562 40.66358900181724),POINT (-73.89488591154061 40.66471445143568),3-4
24,5 mins,Van Siclen Ave,New Lots Ave,POINT (-73.88940491730106 40.665517963059635),POINT (-73.88411070800329 40.6663149325969),3-4
25,9 mins,Crown Hts - Utica Ave,Kingston Ave,POINT (-73.93293256081851 40.66897831107809),POINT (-73.94215978392963 40.66948144864978),3-4
26,9 mins,Kingston Ave,Nostrand Ave,POINT (-73.94215978392963 40.66948144864978),POINT (-73.9504262489579 40.66993815093054),3-4
27,11 mins,South Ferry,Rector St,POINT (-74.01316895919258 40.701730507574474),POINT (-74.01378300119742 40.707512999521775),1
28,6 mins,Rector St,Cortlandt St,POINT (-74.01378300119742 40.707512999521775),POINT (-74.01218800112292 40.7118350008202),1
29,2 hours 16 mins,Cortlandt St,103rd St,POINT (-74.01218800112292 40.7118350008202),POINT (-73.96837899960818 40.799446000334825),1
30,7 mins,103rd St,Cathedral Pkwy (110th St),POINT (-73.96837899960818 40.799446000334825),POINT (-73.9668470005456 40.80396699961484),1
31,6 mins,Cathedral Pkwy (110th St),116th St - Columbia University,POINT (-73.9668470005456 40.80396699961484),POINT (-73.96410999757751 40.807722001230864),1
32,11 mins,116th St - Columbia University,125th St,POINT (-73.96410999757751 40.807722001230864),POINT (-73.95837200097044 40.815580999978934),1
33,12 mins,125th St,137th St - City College,POINT (-73.95837200097044 40.815580999978934),POINT (-73.95367600087873 40.82200799968475),1
34,8 mins,137th St - City College,145th St,POINT (-73.95367600087873 40.82200799968475),POINT (-73.95035999879713 40.82655099962194),1
35,13 mins,145th St,157th St,POINT (-73.95035999879713 40.82655099962194),POINT (-73.94488999901047 40.8340410001399),1
36,12 mins,157th St,168th St,POINT (-73.94488999901047 40.8340410001399),POINT (-73.94013299907257 40.840555999148535),1
37,10 mins,181st St,191st St,POINT (-73.9335959996056 40.84950499974065),POINT (-73.92941199742039 40.85522500175836),1
38,11 mins,191st St,Dyckman St,POINT (-73.92941199742039 40.85522500175836),POINT (-73.92553600006474 40.86053100138796),1
39,10 mins,Dyckman St,207th St,POINT (-73.92553600006474 40.86053100138796),POINT (-73.91881900132312 40.864614000525854),1
40,8 mins,207th St,215th St,POINT (-73.91881900132312 40.864614000525854),POINT (-73.91527899954356 40.86944399946045),1
41,9 mins,215th St,Marble Hill - 225th St,POINT (-73.91527899954356 40.86944399946045),POINT (-73.90983099923551 40.87456099941789),1
42,8 mins,Marble Hill - 225th St,231st St,POINT (-73.90983099923551 40.87456099941789),POINT (-73.90483400107873 40.87885599817935),1
43,9 mins,231st St,238th St,POINT (-73.90483400107873 40.87885599817935),POINT (-73.90087000018522 40.88466700064975),1
44,7 mins,238th St,Van Cortlandt Park - 242nd St,POINT (-73.90087000018522 40.88466700064975),POINT (-73.89858300049647 40.88924800011476),1
45,9 mins,72nd St,81st St,POINT (-73.976336575218 40.77551939729258),POINT (-73.97209794937208 40.78134608418206),A-B-C
46,7 mins,81st St,86th St,POINT (-73.97209794937208 40.78134608418206),POINT (-73.96882849429672 40.78582304678557),A-B-C
47,9 mins,86th St,96th St,POINT (-73.96882849429672 40.78582304678557),POINT (-73.96460245687166 40.79161879767014),A-B-C
48,7 mins,96th St,103rd St,POINT (-73.96460245687166 40.79161879767014),POINT (-73.96137008267617 40.796060739904526),A-B-C
49,7 mins,103rd St,Cathedral Pkwy (110th St),POINT (-73.96137008267617 40.796060739904526),POINT (-73.95806670661364 40.800581558114956),A-B-C
50,7 mins,Cathedral Pkwy (110th St),116th St,POINT (-73.95806670661364 40.800581558114956),POINT (-73.95479778057312 40.80505813344211),A-B-C
51,10 mins,Van Siclen Ave,Shepherd Ave,POINT (-73.8903580002471 40.67270999906104),POINT (-73.88074999747269 40.6741300014559),A-C
52,15 mins,Liberty Ave,Broadway Junction,POINT (-73.89654800103929 40.67454199987086),POINT (-73.90531600055341 40.67833366608023),A-C
53,8 mins,Broadway Junction,Rockaway Ave,POINT (-73.90531600055341 40.67833366608023),POINT (-73.91194599726617 40.678339999883505),A-C
54,9 mins,Rockaway Ave,Ralph Ave,POINT (-73.91194599726617 40.678339999883505),POINT (-73.92078599933306 40.678822000873375),A-C
55,11 mins,Ralph Ave,Utica Ave,POINT (-73.92078599933306 40.678822000873375),POINT (-73.93072899914027 40.67936399950546),A-C
56,11 mins,Utica Ave,Kingston - Throop Aves,POINT (-73.93072899914027 40.67936399950546),POINT (-73.94085899871263 40.67991899941601),A-C
57,10 mins,Kingston - Throop Aves,Nostrand Ave,POINT (-73.94085899871263 40.67991899941601),POINT (-73.95042600099683 40.68043800006226),A-C
58,7 mins,Nostrand Ave,Franklin Ave,POINT (-73.95042600099683 40.68043800006226),POINT (-73.95684800014614 40.68137966658742),A-C
59,10 mins,Franklin Ave,Clinton - Washington Aves,POINT (-73.95684800014614 40.68137966658742),POINT (-73.96583799857275 40.68326299912644),A-C
60,9 mins,Clinton - Washington Aves,Lafayette Ave,POINT (-73.96583799857275 40.68326299912644),POINT (-73.97394599849406 40.68611300020567),A-C
61,8 mins,Fulton St,Chambers St,POINT (-74.00762309323994 40.71016216530185),POINT (-74.00858473570133 40.714111000774025),A-C
62,3 hours 4 mins,Chambers St,155th St,POINT (-74.00858473570133 40.714111000774025),POINT (-73.94151400082208 40.83051799929251),A-C
63,9 mins,155th St,163rd St - Amsterdam Av,POINT (-73.94151400082208 40.83051799929251),POINT (-73.93989200188344 40.83601299923096),A-C
64,7 mins,163rd St - Amsterdam Av,168th St,POINT (-73.93989200188344 40.83601299923096),POINT (-73.93956099985425 40.84071899990795),A-C
65,10 mins,67th Ave,63rd Dr - Rego Park,POINT (-73.85286048434907 40.726505475813006),POINT (-73.86161820097203 40.729763972422425),E-M-R
66,9 mins,63rd Dr - Rego Park,Woodhaven Blvd - Queens Mall,POINT (-73.86161820097203 40.729763972422425),POINT (-73.86943208612348 40.73309737380972),E-M-R
67,12 mins,Woodhaven Blvd - Queens Mall,Grand Ave - Newtown,POINT (-73.86943208612348 40.73309737380972),POINT (-73.87722085669182 40.736813418197144),E-M-R
68,11 mins,Grand Ave - Newtown,Elmhurst Ave,POINT (-73.87722085669182 40.736813418197144),POINT (-73.8820347465864 40.74237007972169),E-M-R
69,1 hour 2 mins,Elmhurst Ave,Queens Plz,POINT (-73.8820347465864 40.74237007972169),POINT (-73.93713823965695 40.74891771986323),E-M-R
70,10 mins,Northern Blvd,46th St,POINT (-73.90606508052358 40.752824829236076),POINT (-73.91352174995538 40.756316952608096),E-M-R
71,10 mins,46th St,Steinway St,POINT (-73.91352174995538 40.756316952608096),POINT (-73.9205264716827 40.75698735912575),E-M-R
72,1 hour 0 mins,Crescent St,Gates Ave,POINT (-73.87392925215778 40.68315265707736),POINT (-73.92215600150752 40.689583999013905),J-Z
73,1 hour 10 mins,Gates Ave,75th St - Eldert Ln,POINT (-73.92215600150752 40.689583999013905),POINT (-73.86728799944963 40.691290001246735),J-Z
74,8 mins,Woodhaven Blvd,104th-102nd Sts,POINT (-73.85205199740794 40.69370399880105),POINT (-73.84443500029684 40.69516599823373),J-Z
75,3 hours 20 mins,121st St,Broad St,POINT (-73.82834900017954 40.700481998515315),POINT (-74.01105599991755 40.706476001106005),J-Z
76,6 mins,Broad St,Fulton St,POINT (-74.01105599991755 40.706476001106005),POINT (-74.00793800110387 40.71002266658424),J-Z
77,8 mins,Fulton St,Chambers St,POINT (-74.00793800110387 40.71002266658424),POINT (-74.00340673031336 40.71323378962671),J-Z
78,8 mins,Chambers St,Canal St,POINT (-74.00340673031336 40.71323378962671),POINT (-73.99982638545937 40.71817387697391),J-Z
79,10 mins,Canal St,Bowery,POINT (-73.99982638545937 40.71817387697391),POINT (-73.99380690654237 40.720246883147254),J-Z
80,11 mins,Rockaway Park - Beach 116 St,Beach 105th St,POINT (-73.83559008701239 40.580955865573515),POINT (-73.82758075034528 40.58326843810286),A-S
81,9 mins,Beach 105th St,Beach 98th St,POINT (-73.82758075034528 40.58326843810286),POINT (-73.82052058959523 40.58538569133279),A-S
82,12 mins,Beach 98th St,Beach 90th St,POINT (-73.82052058959523 40.58538569133279),POINT (-73.81365140419632 40.58809156457325),A-S
83,2 hours 0 mins,Broad Channel,Grant Ave,POINT (-73.81583268782963 40.60840218069683),POINT (-73.86504999877702 40.67704400054478),A-S
84,9 mins,Grant Ave,80th St,POINT (-73.86504999877702 40.67704400054478),POINT (-73.85899200206335 40.67937100115432),A-S
85,8 mins,80th St,88th St,POINT (-73.85899200206335 40.67937100115432),POINT (-73.85147000026086 40.67984300135503),A-S
86,9 mins,88th St,Rockaway Blvd,POINT (-73.85147000026086 40.67984300135503),POINT (-73.8438529979573 40.680428999588415),A-S
87,8 mins,Rockaway Blvd,104th St,POINT (-73.8438529979573 40.680428999588415),POINT (-73.83768300060997 40.681711001091195),A-S
88,7 mins,104th St,111th St,POINT (-73.83768300060997 40.681711001091195),POINT (-73.83216299845388 40.68433100001238),A-S
89,7 mins,111th St,Ozone Park - Lefferts Blvd,POINT (-73.83216299845388 40.68433100001238),POINT (-73.82579799906613 40.68595099878361),A-S
90,10 mins,Brooklyn College - Flatbush Ave,Newkirk Ave,POINT (-73.94754120734406 40.63284240700742),POINT (-73.94829990822407 40.63999124275311),2-5
91,8 mins,Newkirk Ave,Beverly Rd,POINT (-73.94829990822407 40.63999124275311),POINT (-73.94884798381702 40.64512351894373),2-5
92,8 mins,Beverly Rd,Church Ave,POINT (-73.94884798381702 40.64512351894373),POINT (-73.94945514035334 40.6508606878022),2-5
93,9 mins,Church Ave,Winthrop St,POINT (-73.94945514035334 40.6508606878022),POINT (-73.95007934590994 40.65665931376077),2-5
94,8 mins,Winthrop St,Sterling St,POINT (-73.95007934590994 40.65665931376077),POINT (-73.95072891124937 40.6627729934283),2-5
95,8 mins,Sterling St,President St,POINT (-73.95072891124937 40.6627729934283),POINT (-73.95058920022207 40.667883603536815),2-5
96,4 hours 2 mins,President St,3rd Ave - 149th St,POINT (-73.95058920022207 40.667883603536815),POINT (-73.91779152760981 40.816029252510006),2-5
97,12 mins,3rd Ave - 149th St,Jackson Ave,POINT (-73.91779152760981 40.816029252510006),POINT (-73.9077019387083 40.81643746686396),2-5
98,7 mins,Prospect Ave,Intervale Ave,POINT (-73.90177778730917 40.81948726483844),POINT (-73.89661738461646 40.822142131170786),2-5
99,5 mins,Intervale Ave,Simpson St,POINT (-73.89661738461646 40.822142131170786),POINT (-73.89306639507903 40.823976841237396),2-5
100,9 mins,Simpson St,Freeman St,POINT (-73.89306639507903 40.823976841237396),POINT (-73.89175225349464 40.829987446384116),2-5
101,11 mins,Freeman St,174th St,POINT (-73.89175225349464 40.829987446384116),POINT (-73.88769359812888 40.837195550170605),2-5
102,10 mins,174th St,West Farms Sq - E Tremont Av,POINT (-73.88769359812888 40.837195550170605),POINT (-73.87996127877184 40.84020763241799),2-5
103,9 mins,West Farms Sq - E Tremont Av,E 180th St,POINT (-73.87996127877184 40.84020763241799),POINT (-73.87334609510884 40.8418630412186),2-5
104,15 mins,E 180th St,Bronx Park East,POINT (-73.87334609510884 40.8418630412186),POINT (-73.86835609178098 40.848768666338934),2-5
105,13 mins,Bronx Park East,Pelham Pkwy,POINT (-73.86835609178098 40.848768666338934),POINT (-73.86748067850041 40.8571924091606),2-5
106,14 mins,Pelham Pkwy,Allerton Ave,POINT (-73.86748067850041 40.8571924091606),POINT (-73.86723422851625 40.86548337793927),2-5
107,8 mins,Allerton Ave,Burke Ave,POINT (-73.86723422851625 40.86548337793927),POINT (-73.86705361747603 40.87125880254771),2-5
108,11 mins,Burke Ave,Gun Hill Rd,POINT (-73.86705361747603 40.87125880254771),POINT (-73.86613410538703 40.877839385172024),2-5
109,12 mins,Gun Hill Rd,219th St,POINT (-73.86613410538703 40.877839385172024),POINT (-73.8625097078866 40.883887974625274),2-5
110,7 mins,219th St,225th St,POINT (-73.8625097078866 40.883887974625274),POINT (-73.86021461772737 40.88802825863786),2-5
111,8 mins,225th St,233rd St,POINT (-73.86021461772737 40.88802825863786),POINT (-73.85736239521543 40.89314324138378),2-5
112,8 mins,233rd St,Nereid Ave (238 St),POINT (-73.85736239521543 40.89314324138378),POINT (-73.8543153107622 40.898286515575286),2-5
113,3 hours 0 mins,Grand St,161st St - Yankee Stadium,POINT (-73.99375299913589 40.71826699954992),POINT (-73.92565099775477 40.827904998845845),B-D
114,11 mins,167th St,170th St,POINT (-73.91843200082253 40.83376899862797),POINT (-73.91339999846983 40.83930599964156),B-D
115,10 mins,170th St,174th-175th Sts,POINT (-73.91339999846983 40.83930599964156),POINT (-73.91013600050078 40.84589999983414),B-D
116,8 mins,174th-175th Sts,Tremont Ave,POINT (-73.91013600050078 40.84589999983414),POINT (-73.90522700122354 40.850409999510234),B-D
117,10 mins,Tremont Ave,182nd-183rd Sts,POINT (-73.90522700122354 40.850409999510234),POINT (-73.90074099998965 40.85609299881864),B-D
118,8 mins,182nd-183rd Sts,Fordham Rd,POINT (-73.90074099998965 40.85609299881864),POINT (-73.89774900102401 40.861295998683495),B-D
119,10 mins,Fordham Rd,Kingsbridge Rd,POINT (-73.89774900102401 40.861295998683495),POINT (-73.8935090000331 40.86697799999945),B-D
120,12 mins,Kingsbridge Rd,Bedford Park Blvd,POINT (-73.8935090000331 40.86697799999945),POINT (-73.88713799889574 40.87324399861646),B-D
121,6 mins,Hunters Point Ave,Vernon Blvd - Jackson Ave,POINT (-73.9489160009391 40.74221599986316),POINT (-73.95358099875249 40.74262599969749),7-7 Express
122,1 hour 24 mins,Court Sq,Junction Blvd,POINT (-73.94526400039679 40.74702299889643),POINT (-73.86952700103515 40.74914499948836),7-7 Express
123,2 hours 14 mins,Junction Blvd,Grand Central - 42nd St,POINT (-73.86952700103515 40.74914499948836),POINT (-73.97604100111508 40.751431000286864),7-7 Express
124,8 mins,Grand Central - 42nd St,5th Ave - Bryant Pk,POINT (-73.97604100111508 40.751431000286864),POINT (-73.98196299856706 40.75382100064824),7-7 Express
125,2 hours 47 mins,5th Ave - Bryant Pk,Mets - Willets Point,POINT (-73.98196299856706 40.75382100064824),POINT (-73.8456249984179 40.75462199881262),7-7 Express
126,2 hours 56 mins,Mets - Willets Point,34th St - Hudson Yards,POINT (-73.8456249984179 40.75462199881262),POINT (-74.00219709442206 40.75544635961596),7-7 Express
127,3 hours 13 mins,Times Sq - 42nd St,Flushing - Main St,POINT (-73.98769099825152 40.755477001982506),POINT (-73.83003000262508 40.75959999915012),7-7 Express
128,11 mins,Parkchester,Castle Hill Ave,POINT (-73.86081600108396 40.83322599927859),POINT (-73.85122199961472 40.83425499825462),6-6 Express
129,6 mins,Castle Hill Ave,Zerega Ave,POINT (-73.85122199961472 40.83425499825462),POINT (-73.8470359987544 40.836488000608156),6-6 Express
130,6 mins,Zerega Ave,Westchester Sq - E Tremont Ave,POINT (-73.8470359987544 40.836488000608156),POINT (-73.84295199925012 40.839892001013915),6-6 Express
131,9 mins,Westchester Sq - E Tremont Ave,Middletown Rd,POINT (-73.84295199925012 40.839892001013915),POINT (-73.83632199755944 40.84386300128381),6-6 Express
132,7 mins,Middletown Rd,Buhre Ave,POINT (-73.83632199755944 40.84386300128381),POINT (-73.83256900003744 40.846809998885504),6-6 Express
133,10 mins,Buhre Ave,Pelham Bay Park,POINT (-73.83256900003744 40.846809998885504),POINT (-73.82812100059289 40.85246199951662),6-6 Express
134,10 mins,36th St,25th St,POINT (-74.00354899951809 40.65514366633887),POINT (-73.99809099974297 40.66039666692321),D-N-R
135,10 mins,25th St,Prospect Ave,POINT (-73.99809099974297 40.66039666692321),POINT (-73.99287200067424 40.66541366712979),D-N-R
136,9 mins,Prospect Ave,4th Av - 9th St,POINT (-73.99287200067424 40.66541366712979),POINT (-73.98830199974512 40.670846666842756),D-N-R
137,11 mins,4th Av - 9th St,Union St,POINT (-73.98830199974512 40.670846666842756),POINT (-73.98310999909673 40.67731566735096),D-N-R
138,6 mins,Atlantic Av - Barclay's Center,Nevins St,POINT (-73.97754993539385 40.68442016526762),POINT (-73.98040679874578 40.68831058019022),2-3-4-5
139,11 mins,161st St - Yankee Stadium,167th St,POINT (-73.92569199505733 40.82823032742169),POINT (-73.92139999784426 40.83553699933672),4
140,8 mins,167th St,170th St,POINT (-73.92139999784426 40.83553699933672),POINT (-73.91779099745928 40.84007499993004),4
141,6 mins,170th St,Mt Eden Ave,POINT (-73.91779099745928 40.84007499993004),POINT (-73.9146849986034 40.84443400092679),4
142,8 mins,Mt Eden Ave,176th St,POINT (-73.9146849986034 40.84443400092679),POINT (-73.91179399884471 40.8484800012369),4
143,9 mins,176th St,Burnside Ave,POINT (-73.91179399884471 40.8484800012369),POINT (-73.9076840015997 40.85345300155693),4
144,9 mins,Burnside Ave,183rd St,POINT (-73.9076840015997 40.85345300155693),POINT (-73.90387900151532 40.85840700040842),4
145,7 mins,183rd St,Fordham Rd,POINT (-73.90387900151532 40.85840700040842),POINT (-73.90103399921699 40.86280299988937),4
146,8 mins,Fordham Rd,Kingsbridge Rd,POINT (-73.90103399921699 40.86280299988937),POINT (-73.89717400101743 40.867760000885795),4
147,13 mins,Kingsbridge Rd,Bedford Park Blvd - Lehman College,POINT (-73.89717400101743 40.867760000885795),POINT (-73.89006400069478 40.87341199980121),4
148,11 mins,Bedford Park Blvd - Lehman College,Mosholu Pkwy,POINT (-73.89006400069478 40.87341199980121),POINT (-73.88465499988732 40.87974999947229),4
149,11 mins,Mosholu Pkwy,Woodlawn,POINT (-73.88465499988732 40.87974999947229),POINT (-73.87875099990931 40.886037000253324),4
150,6 mins,Cypress Ave,Brook Ave,POINT (-73.91404199994753 40.8053680007636),POINT (-73.91923999909432 40.80756599987699),6
151,6 mins,E 143rd St - St Mary's St,E 149th St,POINT (-73.90765699936489 40.80871900090143),POINT (-73.90409799875945 40.81211799827203),6
152,10 mins,E 149th St,Longwood Ave,POINT (-73.90409799875945 40.81211799827203),POINT (-73.89643499897414 40.816103999972405),6
153,9 mins,Whitlock Ave,Elder Ave,POINT (-73.8862829985325 40.82652500055904),POINT (-73.87915899874777 40.82858400108929),6
154,5 mins,Elder Ave,Morrison Av - Soundview,POINT (-73.87915899874777 40.82858400108929),POINT (-73.87451599929486 40.82952100156747),6
155,8 mins,Morrison Av - Soundview,St Lawrence Ave,POINT (-73.87451599929486 40.82952100156747),POINT (-73.86761799923673 40.8315090005233),6
156,10 mins,Beach 67th St,Beach 60th St,POINT (-73.7969239998421 40.59092700078133),POINT (-73.7885219980118 40.59237400121235),A
157,14 mins,Beach 60th St,Beach 44th St,POINT (-73.7885219980118 40.59237400121235),POINT (-73.77601299999507 40.59294299908617),A
158,9 mins,Beach 44th St,Beach 36th St,POINT (-73.77601299999507 40.59294299908617),POINT (-73.76817499939688 40.59539800166876),A
159,10 mins,Beach 36th St,Beach 25th St,POINT (-73.76817499939688 40.59539800166876),POINT (-73.76135299762073 40.60006600105881),A
160,8 mins,Beach 25th St,Far Rockaway - Mott Ave,POINT (-73.76135299762073 40.60006600105881),POINT (-73.75540499924732 40.603995001687544),A
161,3 hours 15 mins,Far Rockaway - Mott Ave,Howard Beach - JFK Airport,POINT (-73.75540499924732 40.603995001687544),POINT (-73.83030100071032 40.66047600004959),A
162,6 mins,Aqueduct - North Conduit Av,Aqueduct Racetrack,POINT (-73.83405799948723 40.668234001699815),POINT (-73.83591899965162 40.672096999172844),A
163,5 hours 37 mins,Aqueduct Racetrack,175th St,POINT (-73.83591899965162 40.672096999172844),POINT (-73.93970399761596 40.84739100072403),A
164,8 mins,175th St,181st St,POINT (-73.93970399761596 40.84739100072403),POINT (-73.93796900205011 40.851694999744616),A
165,11 mins,181st St,190th St,POINT (-73.93796900205011 40.851694999744616),POINT (-73.93417999964333 40.85902199892482),A
166,14 mins,190th St,Dyckman St,POINT (-73.93417999964333 40.85902199892482),POINT (-73.92727099960726 40.865490998968916),A
167,9 mins,Dyckman St,Inwood - 207th St,POINT (-73.92727099960726 40.865490998968916),POINT (-73.91989900100465 40.86807199999737),A
168,14 mins,Broadway - Lafayette St,W 4th St - Washington Sq (Lower),POINT (-73.99620399876055 40.725296998738045),POINT (-74.00030814755975 40.732254493367876),B-D-F-M
169,7 mins,Herald Sq - 34th St,42nd St - Bryant Pk,POINT (-73.98777189072918 40.74978939990011),POINT (-73.98459099904711 40.754184001312545),B-D-F-M
170,7 mins,42nd St - Bryant Pk,47th-50th Sts - Rockefeller Ctr,POINT (-73.98459099904711 40.754184001312545),POINT (-73.98133100227702 40.75864100159815),B-D-F-M
171,13 mins,Bay 50th St,25th Ave,POINT (-73.98376500045946 40.58884066651933),POINT (-73.98682900011477 40.59770366695856),D
172,9 mins,25th Ave,Bay Pky,POINT (-73.98682900011477 40.59770366695856),POINT (-73.9936762000529 40.601950461572315),D
173,6 mins,Bay Pky,20th Ave,POINT (-73.9936762000529 40.601950461572315),POINT (-73.99817432157568 40.60467699816932),D
174,6 mins,20th Ave,18th Ave,POINT (-73.99817432157568 40.60467699816932),POINT (-74.00159259239406 40.60773573171741),D
175,8 mins,18th Ave,79th St,POINT (-74.00159259239406 40.60773573171741),POINT (-74.00058287431507 40.61315892569516),D
176,10 mins,79th St,71st St,POINT (-74.00058287431507 40.61315892569516),POINT (-73.99884094850685 40.61925870977273),D
177,11 mins,71st St,62nd St,POINT (-73.99884094850685 40.61925870977273),POINT (-73.99685724994863 40.626224462922195),D
178,8 mins,62nd St,55th St,POINT (-73.99685724994863 40.626224462922195),POINT (-73.99534882595742 40.63147876093745),D
179,7 mins,55th St,50th St,POINT (-73.99534882595742 40.63147876093745),POINT (-73.9946587805514 40.636260890961395),D
180,7 mins,50th St,Ft Hamilton Pkwy,POINT (-73.9946587805514 40.636260890961395),POINT (-73.9942022375285 40.640912711444656),D
181,9 mins,Ft Hamilton Pkwy,9th Ave,POINT (-73.9942022375285 40.640912711444656),POINT (-73.99444874451204 40.64648407726636),D
182,6 hours 24 mins,9th Ave,Norwood - 205th St,POINT (-73.99444874451204 40.64648407726636),POINT (-73.87885499918691 40.87481100011182),D
183,3 hours 51 mins,Jamaica - Van Wyck,World Trade Center,POINT (-73.81701287135405 40.70289855287313),POINT (-74.00974461517701 40.71256392680817),E
184,12 mins,Briarwood - Van Wyck Blvd,Kew Gardens - Union Tpke,POINT (-73.82069263637443 40.70916181536946),POINT (-73.8303702709878 40.714034819571026),E-F
185,9 mins,Kew Gardens - Union Tpke,75th Ave,POINT (-73.8303702709878 40.714034819571026),POINT (-73.83692369387158 40.71804465348743),E-F
186,8 mins,Sutphin Blvd - Archer Av,Jamaica Ctr - Parsons / Archer,POINT (-73.80800471963833 40.700382424235),POINT (-73.80109632298924 40.70206737621188),E-J-Z
187,8 mins,Lexington Ave - 53rd St,5th Ave - 53rd St,POINT (-73.96907237490204 40.75746830782865),POINT (-73.9752485052734 40.76008683231326),E-M
188,12 mins,Neptune Ave,Ave X,POINT (-73.97459272818807 40.580738758491464),POINT (-73.97426599968905 40.589449666625285),F
189,9 mins,Ave X,Ave U,POINT (-73.97426599968905 40.589449666625285),POINT (-73.97337641974885 40.59592482551748),F
190,11 mins,Ave U,Kings Hwy,POINT (-73.97337641974885 40.59592482551748),POINT (-73.9723553085244 40.603258405128265),F
191,9 mins,Kings Hwy,Ave P,POINT (-73.9723553085244 40.603258405128265),POINT (-73.97300281528751 40.608842808949916),F
192,8 mins,Ave P,Ave N,POINT (-73.97300281528751 40.608842808949916),POINT (-73.97404850873143 40.61435671190883),F
193,10 mins,Ave N,Bay Pky,POINT (-73.97404850873143 40.61435671190883),POINT (-73.9752569782215 40.62073162316788),F
194,7 mins,Bay Pky,Ave I,POINT (-73.9752569782215 40.62073162316788),POINT (-73.97606933170925 40.62501744019143),F
195,7 mins,Ave I,18th Ave,POINT (-73.97606933170925 40.62501744019143),POINT (-73.97697099965796 40.62975466638584),F
196,9 mins,18th Ave,Ditmas Ave,POINT (-73.97697099965796 40.62975466638584),POINT (-73.97817199965161 40.63611866666291),F
197,1 hour 42 mins,Ditmas Ave,York St,POINT (-73.97817199965161 40.63611866666291),POINT (-73.98688499993673 40.699742667691574),F
198,3 hours 17 mins,York St,Sutphin Blvd,POINT (-73.98688499993673 40.699742667691574),POINT (-73.81083299897232 40.70541799906764),F
199,8 mins,Sutphin Blvd,Parsons Blvd,POINT (-73.81083299897232 40.70541799906764),POINT (-73.80328900021885 40.707571999615695),F
200,12 mins,Parsons Blvd,169th St,POINT (-73.80328900021885 40.707571999615695),POINT (-73.79347419927721 40.710517502784),F
201,12 mins,169th St,Jamaica - 179th St,POINT (-73.79347419927721 40.710517502784),POINT (-73.78381700176453 40.712645666744045),F
202,4 hours 5 mins,Jamaica - 179th St,East Broadway,POINT (-73.78381700176453 40.712645666744045),POINT (-73.99017700122197 40.713855001020406),F
203,8 mins,East Broadway,Delancey St - Essex St,POINT (-73.99017700122197 40.713855001020406),POINT (-73.98807806807719 40.71868074219453),F
204,10 mins,Delancey St - Essex St,Lower East Side - 2nd Ave,POINT (-73.98807806807719 40.71868074219453),POINT (-73.98993800003434 40.72340166574911),F
205,1 hour 16 mins,Lower East Side - 2nd Ave,21st St - Queensbridge,POINT (-73.98993800003434 40.72340166574911),POINT (-73.94193761457447 40.75373927087553),F
206,1 hour 27 mins,Roosevelt Island - Main St,57th St,POINT (-73.95323499978866 40.75917199967108),POINT (-73.97736800085171 40.76408500081713),F
207,10 mins,Fulton St,Clinton - Washington Aves,POINT (-73.97537499833149 40.68711899950771),POINT (-73.9667959986695 40.68809400106055),G
208,7 mins,Clinton - Washington Aves,Classon Ave,POINT (-73.9667959986695 40.68809400106055),POINT (-73.95999000137212 40.68888900026455),G
209,7 mins,Classon Ave,Bedford - Nostrand Aves,POINT (-73.95999000137212 40.68888900026455),POINT (-73.95352200064022 40.68962700158444),G
210,12 mins,Bedford - Nostrand Aves,Myrtle-Willoughby Aves,POINT (-73.95352200064022 40.68962700158444),POINT (-73.94906699890156 40.69461899903765),G
211,9 mins,Myrtle-Willoughby Aves,Flushing Ave,POINT (-73.94906699890156 40.69461899903765),POINT (-73.9502340010257 40.70037666622154),G
212,9 mins,Flushing Ave,Broadway,POINT (-73.9502340010257 40.70037666622154),POINT (-73.95031225606621 40.706126576274166),G
213,9 mins,Broadway,Metropolitan Ave,POINT (-73.95031225606621 40.706126576274166),POINT (-73.9514239994525 40.71277400073426),G
214,10 mins,Nassau Ave,Greenpoint Ave,POINT (-73.95118300016523 40.724479997808274),POINT (-73.95442500146235 40.73126699971465),G
215,7 mins,21st St,Long Island City - Court Sq,POINT (-73.9495999997552 40.7441286664954),POINT (-73.94381559597835 40.74630503357145),G
216,13 mins,Canarsie - Rockaway Pkwy,E 105th St,POINT (-73.90185000017287 40.64665366739528),POINT (-73.89954769388724 40.65046878544699),L
217,9 mins,New Lots Ave,Livonia Ave,POINT (-73.89927796057142 40.65891477368527),POINT (-73.90056237226057 40.66405727094644),L
218,9 mins,Livonia Ave,Sutter Ave,POINT (-73.90056237226057 40.66405727094644),POINT (-73.9019160004208 40.66914500061398),L
219,9 mins,Sutter Ave,Atlantic Ave,POINT (-73.9019160004208 40.66914500061398),POINT (-73.9030969995401 40.67534466640805),L
220,8 mins,Atlantic Ave,Broadway Junction,POINT (-73.9030969995401 40.67534466640805),POINT (-73.90311757920684 40.67845624842869),L
221,10 mins,Broadway Junction,Bushwick - Aberdeen,POINT (-73.90311757920684 40.67845624842869),POINT (-73.90526176305106 40.68286062551184),L
222,13 mins,Bushwick - Aberdeen,Wilson Ave,POINT (-73.90526176305106 40.68286062551184),POINT (-73.90395860491864 40.68886654246024),L
223,13 mins,Wilson Ave,Halsey St,POINT (-73.90395860491864 40.68886654246024),POINT (-73.90393400118631 40.69551800114878),L
224,9 mins,Halsey St,Myrtle - Wyckoff Aves,POINT (-73.90393400118631 40.69551800114878),POINT (-73.9109757182647 40.699471062427136),L
225,10 mins,Myrtle - Wyckoff Aves,DeKalb Ave,POINT (-73.9109757182647 40.699471062427136),POINT (-73.91823200219723 40.70369299961644),L
226,14 mins,Morgan Ave,Jefferson St,POINT (-73.93314700024209 40.70615166680729),POINT (-73.9229130000312 40.706606665988716),L
227,6 mins,Montrose Ave,Grand St,POINT (-73.93979284713505 40.70739106438455),POINT (-73.94049699874644 40.71157600064823),L
228,13 mins,Grand St,Lorimer St,POINT (-73.94049699874644 40.71157600064823),POINT (-73.95024799996972 40.71407200064717),L
229,7 mins,Lorimer St,Graham Ave,POINT (-73.95024799996972 40.71407200064717),POINT (-73.94394399869037 40.714575998363635),L
230,1 hour 8 mins,Bedford Ave,1st Ave,POINT (-73.95666499806525 40.71717399858899),POINT (-73.98168087489128 40.73097497580066),L
231,5 mins,1st Ave,3rd Ave,POINT (-73.98168087489128 40.73097497580066),POINT (-73.98575000112093 40.73269099971662),L
232,6 mins,3rd Ave,Union Sq - 14th St,POINT (-73.98575000112093 40.73269099971662),POINT (-73.99066976901818 40.73476331217923),L
233,9 mins,Union Sq - 14th St,6th Ave,POINT (-73.99066976901818 40.73476331217923),POINT (-73.99775078874781 40.73774146981052),L
234,6 mins,6th Ave,8th Ave,POINT (-73.99775078874781 40.73774146981052),POINT (-74.00257800104762 40.73977666638199),L
235,15 mins,Alabama Ave,Cleveland St,POINT (-73.89852600159652 40.676998000003756),POINT (-73.8851940021643 40.679777998961164),J
236,14 mins,Cypress Hills,85th St - Forest Pky,POINT (-73.87332199882995 40.689616000838754),POINT (-73.86008700006875 40.69242699966103),J
237,1 hour 26 mins,85th St - Forest Pky,Kosciuszko St,POINT (-73.86008700006875 40.69242699966103),POINT (-73.92850899927413 40.69317200129202),J
238,1 hour 46 mins,Kosciuszko St,111th St,POINT (-73.92850899927413 40.69317200129202),POINT (-73.83679338454697 40.697114810696476),J
239,8 mins,Flushing Ave,Lorimer St,POINT (-73.94137734838365 40.70040440298112),POINT (-73.94735499884204 40.703844000042096),J-M
240,8 mins,Lorimer St,Hewes St,POINT (-73.94735499884204 40.703844000042096),POINT (-73.95348800038457 40.706889998054),J-M
241,8 mins,Gravesend - 86th St,Ave U,POINT (-73.97818899936274 40.59246500088859),POINT (-73.97908400099428 40.597235999920436),N
242,10 mins,Ave U,Kings Hwy,POINT (-73.97908400099428 40.597235999920436),POINT (-73.98037300229343 40.60405899980493),N
243,11 mins,Kings Hwy,Bay Pky,POINT (-73.98037300229343 40.60405899980493),POINT (-73.98178001069293 40.61145578989005),N
244,10 mins,Bay Pky,20th Ave,POINT (-73.98178001069293 40.61145578989005),POINT (-73.98452199846113 40.617108999866005),N
245,8 mins,20th Ave,18th Ave,POINT (-73.98452199846113 40.617108999866005),POINT (-73.99045399865993 40.620686997680025),N
246,11 mins,18th Ave,New Utrecht Ave,POINT (-73.99045399865993 40.620686997680025),POINT (-73.99635300025969 40.62484166725887),N
247,14 mins,New Utrecht Ave,Ft Hamilton Pkwy,POINT (-73.99635300025969 40.62484166725887),POINT (-74.00535100046275 40.63138566722445),N
248,8 mins,Ft Hamilton Pkwy,8th Ave,POINT (-74.00535100046275 40.63138566722445),POINT (-74.01151599772157 40.634970999647166),N
249,6 mins,39th Ave,36th Ave,POINT (-73.93285137679598 40.75276306140845),POINT (-73.929861999118 40.7564420005104),N-W
250,8 mins,36th Ave,Broadway,POINT (-73.929861999118 40.7564420005104),POINT (-73.92582299919906 40.761431998800546),N-W
251,9 mins,Broadway,30th Ave,POINT (-73.92582299919906 40.761431998800546),POINT (-73.9214790001739 40.76677866673298),N-W
252,6 mins,30th Ave,Astoria Blvd,POINT (-73.9214790001739 40.76677866673298),POINT (-73.91809500109238 40.77003699949086),N-W
253,10 mins,Astoria Blvd,Astoria - Ditmars Blvd,POINT (-73.91809500109238 40.77003699949086),POINT (-73.9120340001031 40.775035666523664),N-W
254,10 mins,Prince St,8th St - NYU,POINT (-73.99770200045987 40.72432866597571),POINT (-73.99250799849149 40.73046499853991),N-Q-R-W
255,8 mins,8th St - NYU,Union Sq - 14th St,POINT (-73.99250799849149 40.73046499853991),POINT (-73.99053886181645 40.73587226699812),N-Q-R-W
256,8 mins,Union Sq - 14th St,23rd St,POINT (-73.99053886181645 40.73587226699812),POINT (-73.98934400102907 40.74130266729),N-Q-R-W
257,7 mins,23rd St,28th St,POINT (-73.98934400102907 40.74130266729),POINT (-73.98869800128737 40.74545399979951),N-Q-R-W
258,6 mins,28th St,Herald Sq - 34th St,POINT (-73.98869800128737 40.74545399979951),POINT (-73.9879368338264 40.74964456009442),N-Q-R-W
259,7 mins,Herald Sq - 34th St,Times Sq - 42nd St,POINT (-73.9879368338264 40.74964456009442),POINT (-73.98676800153976 40.75461199851542),N-Q-R-W
260,8 mins,Times Sq - 42nd St,49th St,POINT (-73.98676800153976 40.75461199851542),POINT (-73.98420956591096 40.759801973870694),N-Q-R-W
261,8 mins,49th St,57th St,POINT (-73.98420956591096 40.759801973870694),POINT (-73.98072973372128 40.76456552501829),N-Q-R-W
262,9 mins,Botanic Garden,Park Pl,POINT (-73.95924499945693 40.670342666584396),POINT (-73.95762400074634 40.67477166685263),S
263,10 mins,Park Pl,Franklin Ave - Fulton St,POINT (-73.95762400074634 40.67477166685263),POINT (-73.95582700110425 40.68059566598263),S
264,2 hours 12 mins,Franklin Ave - Fulton St,Grand Central - 42nd St,POINT (-73.95582700110425 40.68059566598263),POINT (-73.97918899989101 40.75276866674217),S
265,9 mins,Grand Central - 42nd St,Times Sq - 42nd St,POINT (-73.97918899989101 40.75276866674217),POINT (-73.98622899953202 40.755983000570076),S
266,6 mins,Neck Rd,Ave U,POINT (-73.95507827493762 40.59532169111695),POINT (-73.95581122316301 40.59930895095475),Q
267,13 mins,Ave M,Ave J,POINT (-73.9592431052215 40.617397744443736),POINT (-73.96069316246925 40.625022819915166),Q
268,10 mins,Ave J,Ave H,POINT (-73.96069316246925 40.625022819915166),POINT (-73.96151793942495 40.62920837758969),Q
269,4 mins,Cortelyou Rd,Beverly Rd,POINT (-73.96379005505493 40.6409401651401),POINT (-73.96435779623125 40.64390459860419),Q
270,3 hours 6 mins,Parkside Ave,72nd St,POINT (-73.96145343987648 40.65507304163716),POINT (-73.95836178682246 40.76880251014895),Q
271,15 mins,72nd St,86th St,POINT (-73.95836178682246 40.76880251014895),POINT (-73.95177090964917 40.77786104333163),Q
272,10 mins,86th St,96th St,POINT (-73.95177090964917 40.77786104333163),POINT (-73.9470660219183 40.784236650177654),Q
273,13 mins,Church Ave,Ft Hamilton Pkwy,POINT (-73.97972116229084 40.64427200012998),POINT (-73.97577599917474 40.65078166803418),F-G
274,12 mins,15th St - Prospect Park,7th Ave,POINT (-73.97973580592873 40.66003568810021),POINT (-73.98025117900944 40.66624469001985),F-G
275,12 mins,7th Ave,4th Av - 9th St,POINT (-73.98025117900944 40.66624469001985),POINT (-73.98977899938897 40.67027166728493),F-G
276,9 mins,4th Av - 9th St,Smith - 9th Sts,POINT (-73.98977899938897 40.67027166728493),POINT (-73.99589172790934 40.67364106090412),F-G
277,12 mins,Smith - 9th Sts,Carroll St,POINT (-73.99589172790934 40.67364106090412),POINT (-73.99494697998841 40.68027335170176),F-G
278,9 mins,Carroll St,Bergen St,POINT (-73.99494697998841 40.68027335170176),POINT (-73.99075649573565 40.68611054725977),F-G
279,12 mins,7th Ave,Atlantic Av - Barclay's Center,POINT (-73.97285279191024 40.67710217983294),POINT (-73.97678343963167 40.684488323453685),B-Q
280,5 mins,Bowling Green,Wall St,POINT (-74.01400799803432 40.70491399928076),POINT (-74.01186199860112 40.70755700086603),4-5
281,5 mins,Wall St,Fulton St,POINT (-74.01186199860112 40.70755700086603),POINT (-74.00950899856461 40.710367998822136),4-5
282,2 hours 58 mins,Fulton St,138th St - Grand Concourse,POINT (-74.00950899856461 40.710367998822136),POINT (-73.92984899935611 40.81322399958908),4-5
283,11 mins,Morris Park,Pelham Pkwy,POINT (-73.86049500117254 40.85436399966426),POINT (-73.85535900043564 40.858984999820116),5
284,8 mins,34th St - Penn Station,Times Sq - 42nd St,POINT (-73.99105699913983 40.75037300003949),POINT (-73.98749500051885 40.75528999995681),1-2-3
285,7 mins,Hoyt St,Borough Hall,POINT (-73.98506379575646 40.69054418535472),POINT (-73.98999799960687 40.693218999611084),2-3
286,8 mins,Borough Hall,Clark St,POINT (-73.98999799960687 40.693218999611084),POINT (-73.99308599821961 40.69746599996469),2-3
287,8 mins,Wall St,Fulton St,POINT (-74.00909999844257 40.706820999753376),POINT (-74.00657099970202 40.70941599925865),2-3
288,8 mins,Fulton St,Park Pl,POINT (-74.00657099970202 40.70941599925865),POINT (-74.00881099997359 40.713050999077694),2-3
289,2 hours 20 mins,Park Pl,Central Park North (110th St),POINT (-74.00881099997359 40.713050999077694),POINT (-73.95182200176913 40.79907499977324),2-3
290,5 mins,Central Park North (110th St),116th St,POINT (-73.95182200176913 40.79907499977324),POINT (-73.94962500096905 40.802097999133004),2-3
291,10 mins,116th St,125th St,POINT (-73.94962500096905 40.802097999133004),POINT (-73.94549500011411 40.807753999182815),2-3
292,11 mins,125th St,135th St,POINT (-73.94549500011411 40.807753999182815),POINT (-73.94077000106708 40.8142290003391),2-3
293,13 mins,145th St,Harlem - 148 St,POINT (-73.93624499873299 40.82042099969279),POINT (-73.93647000005559 40.82388000080457),3
294,7 mins,46th St,40th St,POINT (-73.91843500103973 40.74313200060382),POINT (-73.9240159984882 40.74378100149132),7
295,14 mins,40th St,52nd St,POINT (-73.9240159984882 40.74378100149132),POINT (-73.91254899891254 40.744149001021576),7
296,6 mins,69th St,74th St - Broadway,POINT (-73.8964029993185 40.746324999410284),POINT (-73.8912051289911 40.746867573829114),7
297,8 mins,74th St - Broadway,82nd St - Jackson Hts,POINT (-73.8912051289911 40.746867573829114),POINT (-73.88369700071884 40.747658999559135),7
298,8 mins,82nd St - Jackson Hts,90th St - Elmhurst Av,POINT (-73.88369700071884 40.747658999559135),POINT (-73.87661299986985 40.74840800060913),7
299,15 mins,90th St - Elmhurst Av,103rd St - Corona Plaza,POINT (-73.87661299986985 40.74840800060913),POINT (-73.86269999830412 40.749865000555545),7
300,8 mins,103rd St - Corona Plaza,111th St,POINT (-73.86269999830412 40.749865000555545),POINT (-73.85533399834884 40.75172999941711),7
301,4 hours 56 mins,W 8th St - NY Aquarium,Lexington Ave - 63rd St,POINT (-73.97595787413822 40.576033818103646),POINT (-73.96608964413245 40.76461809442373),F-Q
302,9 mins,Canal St - Holland Tunnel,Spring St,POINT (-74.0052290023424 40.72082400007119),POINT (-74.00373899843763 40.72622700129312),A-C-E
303,10 mins,Spring St,W 4th St - Washington Sq (Upper),POINT (-74.00373899843763 40.72622700129312),POINT (-74.00049500225435 40.73233799774325),A-C-E
304,14 mins,W 4th St - Washington Sq (Upper),14th St,POINT (-74.00049500225435 40.73233799774325),POINT (-74.00168999937027 40.740893000193296),A-C-E
305,8 mins,14th St,23rd St,POINT (-74.00168999937027 40.740893000193296),POINT (-73.99804100117201 40.74590599939995),A-C-E
306,10 mins,23rd St,34th St - Penn Station,POINT (-73.99804100117201 40.74590599939995),POINT (-73.99339099970578 40.752287000775894),A-C-E
307,8 mins,34th St - Penn Station,42nd St - Port Authority Bus Term,POINT (-73.99339099970578 40.752287000775894),POINT (-73.98973500085859 40.757307998551504),A-C-E
308,8 mins,42nd St - Port Authority Bus Term,50th St,POINT (-73.98973500085859 40.757307998551504),POINT (-73.98598400026407 40.76245599925997),A-C-E
309,8 mins,Central Ave,Knickerbocker Ave,POINT (-73.92724299902838 40.69787300011831),POINT (-73.91972000188625 40.69866000123805),M
310,9 mins,Knickerbocker Ave,Myrtle - Wyckoff Aves,POINT (-73.91972000188625 40.69866000123805),POINT (-73.91217899939602 40.69945400090837),M
311,8 mins,Myrtle - Wyckoff Aves,Seneca Ave,POINT (-73.91217899939602 40.69945400090837),POINT (-73.90758199885423 40.70291899894902),M
312,6 mins,Seneca Ave,Forest Ave,POINT (-73.90758199885423 40.70291899894902),POINT (-73.90307500005954 40.70441200087814),M
313,9 mins,Forest Ave,Fresh Pond Rd,POINT (-73.90307500005954 40.70441200087814),POINT (-73.8958980017196 40.70622599823048),M
314,1 hour 3 mins,Forest Hills - 71st Av,Jackson Hts - Roosevelt Av,POINT (-73.84451672012669 40.72159430953587),POINT (-73.89129866519697 40.74653969115889),E-F-M-R
315,1 hour 7 mins,59th St - Columbus Circle,125th St,POINT (-73.98164872301398 40.768249531776064),POINT (-73.95224799734774 40.811071672994565),A-B-C-D
316,9 mins,Bay Ridge - 95th St,86th St,POINT (-74.03087600085765 40.61662166725951),POINT (-74.0283979999864 40.62268666715025),R
317,10 mins,86th St,77th St,POINT (-74.0283979999864 40.62268666715025),POINT (-74.0255099996266 40.629741666886915),R
318,8 mins,77th St,Bay Ridge Ave,POINT (-74.0255099996266 40.629741666886915),POINT (-74.02337699950728 40.63496666682377),R
319,8 mins,Lexington Ave - 59th St,5th Ave - 59th St,POINT (-73.96737501711436 40.762708855394564),POINT (-73.97334700047045 40.764810999755284),N-R-W
320,8 mins,14th St,23rd St,POINT (-73.99620899921355 40.73822799969515),POINT (-73.99276500471389 40.742954317826005),F-M
321,6 mins,59th St,53rd St,POINT (-74.01788099953987 40.6413616662838),POINT (-74.01403399986317 40.64506866735981),N-R
322,7 mins,53rd St,45th St,POINT (-74.01403399986317 40.64506866735981),POINT (-74.01000600074939 40.648938666612814),N-R
323,1 hour 15 mins,45th St,Jay St - MetroTech,POINT (-74.01000600074939 40.648938666612814),POINT (-73.98605667854612 40.69225539645323),N-R
324,10 mins,Jay St - MetroTech,Court St,POINT (-73.98605667854612 40.69225539645323),POINT (-73.99181830901125 40.694196480776995),N-R
325,8 mins,Whitehall St,Rector St,POINT (-74.0130072374272 40.703142373599135),POINT (-74.01297456253795 40.707744756294474),R-W
326,4 mins,Rector St,Cortlandt St,POINT (-74.01297456253795 40.707744756294474),POINT (-74.01113196473266 40.7105129841524),R-W
327,8 mins,Cortlandt St,City Hall,POINT (-74.01113196473266 40.7105129841524),POINT (-74.00698581780337 40.71327233111697),R-W
328,11 mins,City Hall,Canal St,POINT (-74.00698581780337 40.71327233111697),POINT (-74.0018260000577 40.71946500105898),R-W
